insert into instructor (id, ssn, fname, lname, address, sex, date_of_birth, title, salary) values
(1, 182736, 'Ahmed', 'Zewail', 'Alexandria', 'M', '1950-01-01', 'Professor', 25000),
(2, 192837, 'Magdi', 'Yacoub', 'Aswan', 'M', '1945-05-15', 'Professor', 24000),
(3, 156473, 'Farouk', 'Elbaz', 'Cairo', 'M', '1948-03-20', 'Professor', 23000),
(4, 128374, 'Mostafa', 'Elsayed', 'Giza', 'M', '1955-08-10', 'Professor', 22000),
(5, 174829, 'Samira', 'Moussa', 'Gharbia', 'F', '1960-12-05', 'Professor', 21000),
(6, 139485, 'Ali', 'Salem', 'Cairo', 'M', '1980-01-01', 'Associate Prof', 15000),
(7, 165748, 'Hoda', 'Shaarawy', 'Minya', 'F', '1982-02-15', 'Associate Prof', 14500),
(8, 120394, 'Taha', 'Hussein', 'Cairo', 'M', '1975-11-11', 'Assistant Prof', 12000),
(9, 184756, 'Naguib', 'Mahfouz', 'Cairo', 'M', '1978-06-30', 'Assistant Prof', 11500),
(10, 150293, 'Omar', 'Sharif', 'Alex', 'M', '1985-04-04', 'Lecturer', 9000),
(11, 196372, 'Faten', 'Hamama', 'Mansoura', 'F', '1988-05-20', 'Lecturer', 8500),
(12, 142837, 'Zahi', 'Hawass', 'Damietta', 'M', '1965-07-07', 'Professor', 18000),
(13, 177382, 'Mona', 'Zaki', 'Cairo', 'F', '1990-09-09', 'Teaching Asst', 5000),
(14, 135748, 'Ahmed', 'Helmy', 'Giza', 'M', '1992-10-10', 'Teaching Asst', 5000),
(15, 162837, 'Karim', 'Abdelaziz', 'Cairo', 'M', '1991-01-25', 'Teaching Asst', 5200);

insert into major (id, name, supervisorID) values
(1, 'Data Science', 1),
(2, 'Artificial Intelligence', 2),
(3, 'Cyber Security', 3),
(4, 'Information Technology', 4),
(5, 'Software Engineering', 5);

insert into course (code, name, credits) values
-- Data Science
('DS-101', 'Intro to Data Science', 3), ('DS-201', 'Big Data Analytics', 4), ('DS-301', 'Data Mining', 3), ('DS-401', 'Statistical Analysis', 3),
-- AI
('AI-101', 'Intro to AI', 3), ('AI-201', 'Machine Learning', 4), ('AI-301', 'Neural Networks', 4), ('AI-401', 'Robotics', 3),
-- Cyber Security
('CS-101', 'Network Security', 3), ('CS-201', 'Cryptography', 3), ('CS-301', 'Ethical Hacking', 4), ('CS-401', 'Cyber Forensics', 3),
-- IT
('IT-101', 'IT Infrastructure', 3), ('IT-201', 'Cloud Computing', 3), ('IT-301', 'System Admin', 3), ('IT-401', 'IoT Basics', 3),
-- Software Engineering
('SE-101', 'Software Design', 3), ('SE-201', 'Design Patterns', 3), ('SE-301', 'Software Testing', 3), ('SE-401', 'Agile Management', 2);

insert into courseMajor (courseCode, majorID) values
('DS-101', 1), ('DS-201', 1), ('DS-301', 1), ('DS-401', 1),
('AI-101', 2), ('AI-201', 2), ('AI-301', 2), ('AI-401', 2),
('CS-101', 3), ('CS-201', 3), ('CS-301', 3), ('CS-401', 3),
('IT-101', 4), ('IT-201', 4), ('IT-301', 4), ('IT-401', 4),
('SE-101', 5), ('SE-201', 5), ('SE-301', 5), ('SE-401', 5);

insert into room (num, floor, bulding, capacity, Type) values
(101, 1, 1, 100, 'Lecture Hall'), (102, 1, 1, 30, 'Lab'),
(201, 2, 1, 50, 'Classroom'), (202, 2, 1, 30, 'Lab'),
(301, 3, 2, 150, 'Auditorium'), (302, 3, 2, 40, 'Seminar Room');

insert into schedule (scheduleID, roomNum, courseCode, instID, time, day) values
(1, 101, 'DS-101', 1, '09:00', 'SUN'), (2, 102, 'AI-101', 2, '11:00', 'MON'),
(3, 201, 'CS-101', 3, '09:00', 'TUE'), (4, 101, 'IT-101', 4, '13:00', 'WED'),
(5, 301, 'SE-101', 5, '10:00', 'THU'), (6, 102, 'DS-201', 6, '09:00', 'SUN'),
(7, 201, 'AI-201', 7, '11:00', 'MON'), (8, 301, 'CS-201', 8, '13:00', 'TUE'),
(9, 101, 'IT-201', 9, '10:00', 'WED'), (10, 202, 'SE-201', 10, '12:00', 'THU');

insert into student (id, ssn, fname, lname, address, sex, date_of_birth, level, gpa, status, majorid) values
(2001, 154077, 'ahmed', 'ali', 'cairo', 'm', '2003-05-01', 'freshman', 3.5, 'active', 1),
(2002, 169384, 'sara', 'hassan', 'giza', 'f', '2002-03-15', 'sophomore', 3.8, 'active', 1),
(2003, 142857, 'mohamed', 'ibrahim', 'alex', 'm', '2001-07-20', 'junior', 2.4, 'probation', 1),
(2004, 185293, 'mai', 'khalid', 'cairo', 'f', '2004-01-10', 'freshman', 3.9, 'active', 2),
(2005, 123984, 'omar', 'sherif', 'tanta', 'm', '2000-12-12', 'senior', 3.2, 'active', 2),
(2006, 194852, 'youssef', 'gamal', 'cairo', 'm', '2003-02-02', 'sophomore', 1.8, 'warning', 2),
(2007, 137482, 'nour', 'hany', 'giza', 'f', '2002-11-30', 'junior', 3.6, 'active', 3),
(2008, 158293, 'kareem', 'samy', 'alex', 'm', '2001-05-15', 'senior', 3.0, 'active', 3),
(2009, 173849, 'layla', 'murad', 'cairo', 'f', '2003-09-09', 'freshman', 3.9, 'active', 3),
(2010, 129384, 'hassan', 'youssef', 'luxor', 'm', '2000-01-01', 'senior', 2.5, 'active', 4),
(2011, 184756, 'salma', 'fawzy', 'aswan', 'f', '2003-04-04', 'junior', 3.1, 'active', 4),
(2012, 139485, 'mahmoud', 'nasser', 'cairo', 'm', '2002-06-06', 'sophomore', 2.0, 'probation', 4),
(2013, 150294, 'dina', 'samir', 'giza', 'f', '2004-12-12', 'freshman', 3.7, 'active', 5),
(2014, 196372, 'tarek', 'lotfy', 'alex', 'm', '2001-08-08', 'senior', 3.3, 'active', 5),
(2015, 142837, 'nada', 'bassiouny', 'tanta', 'f', '2003-03-03', 'junior', 3.5, 'active', 5),
(2016, 177382, 'amr', 'waked', 'cairo', 'm', '2002-09-09', 'sophomore', 1.9, 'warning', 1),
(2017, 128273, 'hend', 'sabry', 'giza', 'f', '2004-01-20', 'freshman', 4.0, 'active', 1),
(2018, 164739, 'sherif', 'mounir', 'alex', 'm', '2000-05-05', 'senior', 2.8, 'active', 1),
(2019, 193847, 'menna', 'shalaby', 'luxor', 'f', '2003-07-07', 'junior', 3.4, 'active', 1),
(2020, 159384, 'khaled', 'sawy', 'aswan', 'm', '2002-10-10', 'sophomore', 2.2, 'probation', 1),
(2021, 147382, 'mona', 'zaki', 'cairo', 'f', '2003-04-12', 'sophomore', 3.7, 'active', 2),
(2022, 182843, 'ahmed', 'helmy', 'giza', 'm', '2002-08-20', 'junior', 2.9, 'active', 2),
(2023, 127482, 'yasmin', 'abdelaziz', 'alex', 'f', '2004-12-05', 'freshman', 3.5, 'active', 2),
(2024, 163827, 'karim', 'abdelaziz', 'cairo', 'm', '2001-03-30', 'senior', 3.1, 'active', 2),
(2025, 196371, 'donia', 'samir', 'giza', 'f', '2003-01-15', 'sophomore', 1.5, 'probation', 2),
(2026, 132910, 'mohamed', 'henedy', 'tanta', 'm', '2002-05-25', 'junior', 3.6, 'active', 2),
(2027, 174820, 'ghada', 'adel', 'cairo', 'f', '2004-09-19', 'freshman', 3.8, 'active', 3),
(2028, 150293, 'maged', 'kidwany', 'alex', 'm', '2000-11-02', 'senior', 2.7, 'active', 3),
(2029, 185748, 'nelly', 'karim', 'luxor', 'f', '2003-06-14', 'sophomore', 3.2, 'active', 3),
(2030, 121827, 'amir', 'karara', 'aswan', 'm', '2001-02-28', 'junior', 2.4, 'probation', 3),
(2031, 166382, 'ruby', 'hussein', 'cairo', 'f', '2004-07-07', 'freshman', 3.4, 'active', 3),
(2032, 199384, 'youssef', 'sherif', 'giza', 'm', '2000-10-10', 'senior', 3.9, 'active', 3),
(2033, 144839, 'shereen', 'reda', 'alex', 'f', '2002-12-20', 'junior', 2.6, 'active', 3),
(2034, 170293, 'akram', 'hosny', 'tanta', 'm', '2003-03-15', 'sophomore', 1.8, 'warning', 4),
(2035, 135748, 'arwa', 'gouda', 'cairo', 'f', '2001-08-01', 'senior', 3.0, 'active', 4),
(2036, 162837, 'eyad', 'nassar', 'giza', 'm', '2004-05-05', 'freshman', 3.3, 'active', 4),
(2037, 197382, 'amina', 'khalil', 'alex', 'f', '2002-09-09', 'junior', 3.6, 'active', 4),
(2038, 128279, 'ahmed', 'ezz', 'luxor', 'm', '2000-01-25', 'senior', 2.3, 'probation', 4),
(2039, 156473, 'kinda', 'alloush', 'aswan', 'f', '2003-11-11', 'sophomore', 3.5, 'active', 4),
(2040, 183847, 'asser', 'yassin', 'cairo', 'm', '2001-04-14', 'junior', 3.1, 'active', 4),
(2041, 149384, 'ramy', 'sabry', 'cairo', 'm', '2002-06-10', 'junior', 3.3, 'active', 5),
(2042, 174738, 'sherine', 'wahab', 'tanta', 'f', '2004-02-28', 'freshman', 3.8, 'active', 5),
(2043, 130294, 'tamer', 'hosny', 'alex', 'm', '2000-11-11', 'senior', 2.8, 'active', 5),
(2044, 167483, 'nancy', 'ajram', 'giza', 'f', '2003-07-07', 'sophomore', 3.9, 'active', 5),
(2045, 193827, 'amr', 'diab', 'port said', 'm', '2001-09-01', 'senior', 2.2, 'warning', 5),
(2046, 126372, 'haifa', 'wehbe', 'cairo', 'f', '2002-03-03', 'junior', 3.0, 'active', 5),
(2047, 152910, 'ragheb', 'alama', 'alex', 'm', '2004-05-15', 'freshman', 3.5, 'active', 5),
(2048, 187482, 'elissa', 'zakaria', 'giza', 'f', '2000-08-08', 'senior', 2.6, 'active', 1),
(2049, 130296, 'wael', 'kfoury', 'luxor', 'm', '2003-12-12', 'sophomore', 3.2, 'active', 1),
(2050, 165748, 'angham', 'ali', 'aswan', 'f', '2001-06-06', 'junior', 2.9, 'active', 1),
(2051, 191820, 'hamaki', 'mohamed', 'cairo', 'm', '2004-11-11', 'freshman', 3.7, 'active', 2),
(2052, 128374, 'kazem', 'saher', 'giza', 'm', '2000-04-04', 'senior', 2.4, 'probation', 2),
(2053, 156472, 'assala', 'nasri', 'alex', 'f', '2002-07-07', 'junior', 3.1, 'active', 2),
(2054, 183840, 'george', 'wassouf', 'tanta', 'm', '2003-10-10', 'sophomore', 1.6, 'warning', 3),
(2055, 130290, 'samira', 'said', 'luxor', 'f', '2001-01-01', 'senior', 3.4, 'active', 3),
(2056, 167382, 'nawal', 'zoghbi', 'aswan', 'f', '2004-09-09', 'freshman', 3.9, 'active', 3),
(2057, 192910, 'saber', 'rebai', 'cairo', 'm', '2000-03-03', 'senior', 2.5, 'active', 4),
(2058, 127462, 'latifa', 'arfa', 'giza', 'f', '2003-08-08', 'sophomore', 3.0, 'active', 4),
(2059, 155748, 'cheb', 'khaled', 'alex', 'm', '2002-12-12', 'junior', 2.1, 'probation', 4),
(2060, 189283, 'majida', 'roumi', 'tanta', 'f', '2001-05-05', 'senior', 3.8, 'active', 5),
(2061, 136372, 'fayrouz', 'haddad', 'luxor', 'f', '2004-11-11', 'freshman', 4.0, 'active', 5),
(2062, 172837, 'wadih', 'safi', 'aswan', 'm', '2000-07-07', 'senior', 2.7, 'active', 5),
(2063, 198374, 'sabah', 'fighali', 'cairo', 'f', '2003-02-02', 'junior', 3.2, 'active', 1),
(2064, 147381, 'umm', 'kulthum', 'giza', 'f', '2002-06-06', 'sophomore', 1.7, 'warning', 1),
(2065, 182915, 'abdel', 'halim', 'alex', 'm', '2004-10-10', 'freshman', 3.6, 'active', 1),
(2066, 127485, 'mohamed', 'abdelwahab', 'tanta', 'm', '2001-04-04', 'senior', 3.0, 'active', 2),
(2067, 150295, 'farid', 'atrash', 'luxor', 'm', '2003-09-09', 'sophomore', 2.8, 'active', 2),
(2068, 186475, 'shadia', 'shaker', 'aswan', 'f', '2000-01-20', 'senior', 2.3, 'probation', 2),
(2069, 131827, 'nagat', 'saghira', 'cairo', 'f', '2002-12-05', 'junior', 3.5, 'active', 3),
(2070, 165740, 'warda', 'djazairia', 'giza', 'f', '2004-03-15', 'freshman', 3.7, 'active', 3),
(2071, 199283, 'sayed', 'darwish', 'alex', 'm', '2001-08-01', 'senior', 3.1, 'active', 3),
(2072, 146370, 'zakariya', 'ahmed', 'tanta', 'm', '2003-05-25', 'sophomore', 2.0, 'probation', 4),
(2073, 182910, 'mohamed', 'fawzy', 'luxor', 'm', '2002-09-09', 'junior', 3.4, 'active', 4),
(2074, 127484, 'leila', 'mourad', 'aswan', 'f', '2004-01-10', 'freshman', 3.8, 'active', 4),
(2075, 157485, 'baligh', 'hamdi', 'cairo', 'm', '2000-11-30', 'senior', 2.9, 'active', 5),
(2076, 193820, 'kamel', 'shennawy', 'giza', 'm', '2003-04-04', 'sophomore', 1.8, 'warning', 5),
(2077, 130293, 'ahmed', 'rami', 'alex', 'm', '2001-07-20', 'junior', 3.3, 'active', 5),
(2078, 164735, 'youssef', 'wahbi', 'tanta', 'm', '2004-12-12', 'freshman', 3.6, 'active', 1),
(2079, 199380, 'zaki', 'rostom', 'luxor', 'm', '2002-05-05', 'senior', 3.0, 'active', 1),
(2080, 126375, 'stephan', 'rosti', 'aswan', 'm', '2000-08-08', 'senior', 2.4, 'probation', 1),
(2081, 151825, 'mahmoud', 'elmeliguy', 'cairo', 'm', '2003-10-10', 'sophomore', 3.7, 'active', 2),
(2082, 187488, 'tawfiq', 'deqen', 'giza', 'm', '2001-02-02', 'junior', 3.2, 'active', 2),
(2083, 130291, 'adel', 'adham', 'alex', 'm', '2004-06-06', 'freshman', 3.9, 'active', 2),
(2084, 162918, 'farid', 'shawky', 'tanta', 'm', '2002-11-11', 'senior', 2.5, 'active', 3),
(2085, 196375, 'rushdy', 'abaza', 'luxor', 'm', '2000-03-03', 'senior', 3.1, 'active', 3),
(2086, 127488, 'ahmed', 'mazhar', 'aswan', 'm', '2003-09-09', 'sophomore', 1.9, 'warning', 3),
(2087, 159385, 'shoukry', 'sarhan', 'cairo', 'm', '2001-04-04', 'junior', 3.5, 'active', 4),
(2088, 185745, 'hassan', 'youssef', 'giza', 'm', '2004-12-20', 'freshman', 3.8, 'active', 4),
(2089, 123847, 'imad', 'hamdi', 'alex', 'm', '2002-07-07', 'senior', 2.7, 'active', 4),
(2090, 160299, 'yahiya', 'shahin', 'tanta', 'm', '2000-01-15', 'senior', 3.0, 'active', 5),
(2091, 196478, 'mahmoud', 'yassin', 'luxor', 'm', '2003-05-25', 'sophomore', 1.5, 'probation', 5),
(2092, 132917, 'nour', 'sherif', 'aswan', 'm', '2001-10-10', 'junior', 3.6, 'active', 5),
(2093, 167482, 'ahmed', 'zaki', 'cairo', 'm', '2004-02-02', 'freshman', 3.9, 'active', 1),
(2094, 195748, 'mahmoud', 'abdelaziz', 'giza', 'm', '2002-08-08', 'senior', 2.6, 'active', 1),
(2095, 121878, 'hassan', 'hosny', 'alex', 'm', '2000-11-30', 'senior', 3.2, 'active', 2),
(2096, 158375, 'ezzat', 'elalayli', 'tanta', 'm', '2003-03-03', 'sophomore', 2.2, 'probation', 2),
(2097, 187388, 'Salah', 'saadany', 'luxor', 'm', '2001-06-06', 'junior', 3.4, 'active', 3),
(2098, 120292, 'sayed', 'zayan', 'aswan', 'm', '2004-09-09', 'freshman', 3.7, 'active', 3),
(2099, 156379, 'abdallah', 'ghaith', 'cairo', 'm', '2002-12-12', 'senior', 3.0, 'active', 4),
(2100, 182911, 'hamdy', 'ghaith', 'giza', 'm', '2000-05-05', 'senior', 2.8, 'active', 5);

insert into enrollment (id, stdid, coursecode, semester, year, grade, status) values
(1, 2001, 'ds-101', 'fall', '2025', 'a', 'completed'), (2, 2001, 'ds-201', 'spring', '2025', 'b', 'completed'),
(3, 2002, 'ds-101', 'fall', '2025', 'a', 'completed'), (4, 2002, 'ds-301', 'fall', '2025', 'a', 'enrolled'), (5, 2002, 'ds-401', 'spring', '2025', 'b', 'enrolled'),
(6, 2003, 'ds-101', 'fall', '2024', 'c', 'completed'), (7, 2003, 'ds-201', 'spring', '2025', 'f', 'completed'),
(8, 2004, 'ai-101', 'fall', '2025', 'a', 'enrolled'), (9, 2004, 'ai-201', 'fall', '2025', 'a', 'enrolled'),
(10, 2005, 'ai-301', 'spring', '2025', 'b', 'completed'), (11, 2005, 'ai-401', 'spring', '2025', 'b', 'enrolled'),
(12, 2006, 'ai-101', 'fall', '2025', 'd', 'completed'), (13, 2006, 'ai-201', 'spring', '2025', 'f', 'completed'),
(14, 2007, 'cs-101', 'fall', '2025', 'a', 'completed'), (15, 2007, 'cs-201', 'fall', '2025', 'b', 'enrolled'), (16, 2007, 'cs-301', 'spring', '2025', 'b', 'enrolled'),
(17, 2008, 'cs-401', 'spring', '2025', 'c', 'completed'), (18, 2008, 'cs-301', 'spring', '2025', 'b', 'completed'),
(19, 2009, 'cs-101', 'fall', '2025', 'a', 'enrolled'), (20, 2009, 'it-101', 'fall', '2025', 'a', 'enrolled'),
(21, 2010, 'it-201', 'spring', '2025', 'c', 'completed'), (22, 2010, 'it-301', 'spring', '2025', 'b', 'completed'),
(23, 2011, 'it-401', 'fall', '2025', 'b', 'enrolled'), (24, 2011, 'it-201', 'fall', '2025', 'b', 'enrolled'),
(25, 2012, 'it-101', 'fall', '2025', 'c', 'completed'), (26, 2012, 'ds-101', 'spring', '2025', 'd', 'completed'),
(27, 2013, 'se-101', 'fall', '2025', 'a', 'enrolled'), (28, 2013, 'se-201', 'fall', '2025', 'a', 'enrolled'),
(29, 2014, 'se-301', 'spring', '2025', 'b', 'completed'), (30, 2014, 'se-401', 'spring', '2025', 'b', 'enrolled'),
(31, 2015, 'se-201', 'fall', '2025', 'a', 'completed'), (32, 2015, 'se-101', 'spring', '2025', 'a', 'completed'),
(33, 2016, 'ds-301', 'fall', '2025', 'b', 'enrolled'), (34, 2016, 'ds-401', 'spring', '2025', 'c', 'completed'),
(35, 2017, 'ds-101', 'fall', '2025', 'a', 'completed'), (36, 2017, 'ds-201', 'fall', '2025', 'a', 'enrolled'), (37, 2017, 'it-101', 'spring', '2025', 'a', 'completed'),
(38, 2018, 'ds-201', 'spring', '2025', 'c', 'completed'), (39, 2018, 'ds-301', 'spring', '2025', 'b', 'completed'),
(40, 2019, 'ds-101', 'fall', '2025', 'a', 'enrolled'), (41, 2019, 'cs-101', 'fall', '2025', 'b', 'enrolled'),
(42, 2020, 'ds-201', 'spring', '2025', 'd', 'completed'), (43, 2020, 'ds-301', 'spring', '2025', 'f', 'completed'),
(44, 2021, 'ai-101', 'fall', '2025', 'a', 'completed'), (45, 2021, 'ai-201', 'spring', '2025', 'a', 'enrolled'),
(46, 2022, 'ai-301', 'fall', '2025', 'b', 'enrolled'), (47, 2022, 'ai-401', 'spring', '2025', 'b', 'enrolled'),
(48, 2023, 'ai-201', 'spring', '2025', 'a', 'completed'), (49, 2023, 'cs-101', 'fall', '2025', 'a', 'completed'),
(50, 2024, 'ai-401', 'spring', '2025', 'b', 'enrolled'), (51, 2024, 'ai-301', 'spring', '2025', 'b', 'completed'),
(52, 2025, 'ai-101', 'fall', '2025', 'f', 'completed'), (53, 2025, 'ai-201', 'spring', '2025', 'd', 'completed'),
(54, 2026, 'ai-301', 'fall', '2025', 'a', 'enrolled'), (55, 2026, 'se-101', 'fall', '2025', 'b', 'enrolled'),
(56, 2027, 'cs-101', 'fall', '2025', 'a', 'completed'), (57, 2027, 'cs-201', 'spring', '2025', 'a', 'completed'), (58, 2027, 'cs-301', 'fall', '2025', 'b', 'enrolled'),
(59, 2028, 'cs-401', 'spring', '2025', 'b', 'enrolled'), (60, 2028, 'cs-301', 'spring', '2025', 'c', 'completed'),
(61, 2029, 'cs-201', 'fall', '2025', 'b', 'completed'), (62, 2029, 'cs-101', 'spring', '2025', 'b', 'enrolled'),
(63, 2030, 'cs-301', 'spring', '2025', 'c', 'completed'), (64, 2030, 'it-101', 'fall', '2025', 'c', 'enrolled'),
(65, 2031, 'cs-101', 'fall', '2025', 'b', 'enrolled'), (66, 2031, 'cs-201', 'fall', '2025', 'b', 'enrolled'),
(67, 2032, 'cs-401', 'spring', '2025', 'a', 'completed'), (68, 2032, 'cs-301', 'spring', '2025', 'a', 'completed'),
(69, 2033, 'cs-201', 'fall', '2025', 'c', 'completed'), (70, 2033, 'cs-101', 'spring', '2025', 'b', 'completed'),
(71, 2034, 'it-101', 'fall', '2025', 'd', 'completed'), (72, 2034, 'it-201', 'spring', '2025', 'f', 'completed'),
(73, 2035, 'it-301', 'fall', '2025', 'a', 'enrolled'), (74, 2035, 'it-401', 'spring', '2025', 'b', 'enrolled'),
(75, 2036, 'it-101', 'fall', '2025', 'b', 'completed'), (76, 2036, 'it-201', 'spring', '2025', 'b', 'completed'),
(77, 2037, 'it-301', 'fall', '2025', 'a', 'enrolled'), (78, 2037, 'cs-101', 'fall', '2025', 'a', 'enrolled'),
(79, 2038, 'it-401', 'spring', '2025', 'c', 'completed'), (80, 2038, 'it-301', 'spring', '2025', 'c', 'completed'),
(81, 2039, 'it-201', 'fall', '2025', 'b', 'enrolled'), (82, 2039, 'it-101', 'spring', '2025', 'a', 'completed'),
(83, 2040, 'it-301', 'fall', '2025', 'a', 'enrolled'), (84, 2040, 'se-101', 'fall', '2025', 'b', 'enrolled'),
(85, 2041, 'se-101', 'fall', '2025', 'b', 'enrolled'), (86, 2041, 'se-201', 'spring', '2025', 'b', 'completed'),
(87, 2042, 'se-301', 'fall', '2025', 'a', 'enrolled'), (88, 2042, 'se-401', 'spring', '2025', 'a', 'enrolled'),
(89, 2043, 'se-201', 'fall', '2025', 'c', 'completed'), (90, 2043, 'se-101', 'spring', '2025', 'b', 'completed'),
(91, 2044, 'se-401', 'spring', '2025', 'a', 'completed'), (92, 2044, 'se-301', 'spring', '2025', 'a', 'completed'),
(93, 2045, 'se-101', 'fall', '2025', 'd', 'completed'), (94, 2045, 'se-201', 'spring', '2025', 'c', 'completed'),
(95, 2046, 'se-301', 'fall', '2025', 'b', 'enrolled'), (96, 2046, 'ds-101', 'fall', '2025', 'b', 'enrolled'),
(97, 2047, 'se-201', 'spring', '2025', 'a', 'completed'), (98, 2047, 'se-101', 'spring', '2025', 'a', 'completed'),
(99, 2048, 'ds-101', 'fall', '2025', 'c', 'completed'), (100, 2048, 'ds-201', 'spring', '2025', 'b', 'completed'),
(101, 2049, 'ds-301', 'fall', '2025', 'a', 'enrolled'), (102, 2049, 'ds-401', 'spring', '2025', 'b', 'enrolled'),
(103, 2050, 'ds-201', 'fall', '2025', 'b', 'enrolled'), (104, 2050, 'it-101', 'fall', '2025', 'b', 'enrolled'),
(105, 2051, 'ai-101', 'fall', '2025', 'a', 'completed'), (106, 2051, 'ai-201', 'spring', '2025', 'a', 'enrolled'),
(107, 2052, 'ai-301', 'fall', '2025', 'c', 'enrolled'), (108, 2052, 'ai-401', 'spring', '2025', 'b', 'completed'),
(109, 2053, 'ai-201', 'spring', '2025', 'a', 'completed'), (110, 2053, 'ds-101', 'fall', '2025', 'b', 'completed'),
(111, 2054, 'cs-101', 'fall', '2025', 'd', 'completed'), (112, 2054, 'cs-201', 'spring', '2025', 'f', 'completed'),
(113, 2055, 'cs-301', 'fall', '2025', 'b', 'enrolled'), (114, 2055, 'cs-401', 'spring', '2025', 'a', 'enrolled'),
(115, 2056, 'cs-201', 'spring', '2025', 'a', 'completed'), (116, 2056, 'se-101', 'fall', '2025', 'a', 'completed'),
(117, 2057, 'it-101', 'fall', '2025', 'b', 'enrolled'), (118, 2057, 'it-201', 'spring', '2025', 'b', 'enrolled'),
(119, 2058, 'it-301', 'fall', '2025', 'c', 'completed'), (120, 2058, 'it-401', 'spring', '2025', 'b', 'completed'),
(121, 2059, 'it-201', 'fall', '2025', 'd', 'completed'), (122, 2059, 'it-101', 'spring', '2025', 'c', 'completed'),
(123, 2060, 'se-101', 'fall', '2025', 'a', 'enrolled'), (124, 2060, 'se-201', 'spring', '2025', 'a', 'enrolled'),
(125, 2061, 'se-301', 'fall', '2025', 'a', 'enrolled'), (126, 2061, 'se-401', 'spring', '2025', 'a', 'completed'),
(127, 2062, 'se-201', 'spring', '2025', 'b', 'completed'), (128, 2062, 'ds-101', 'fall', '2025', 'c', 'completed'),
(129, 2063, 'ds-101', 'fall', '2025', 'b', 'enrolled'), (130, 2063, 'ds-201', 'spring', '2025', 'b', 'enrolled'),
(131, 2064, 'ds-301', 'fall', '2025', 'c', 'completed'), (132, 2064, 'ds-401', 'spring', '2025', 'd', 'completed'),
(133, 2065, 'ds-201', 'fall', '2025', 'a', 'enrolled'), (134, 2065, 'ai-101', 'fall', '2025', 'a', 'enrolled'),
(135, 2066, 'ai-101', 'fall', '2025', 'b', 'completed'), (136, 2066, 'ai-201', 'spring', '2025', 'b', 'completed'),
(137, 2067, 'ai-301', 'fall', '2025', 'a', 'enrolled'), (138, 2067, 'ai-401', 'spring', '2025', 'a', 'enrolled'),
(139, 2068, 'ai-201', 'fall', '2025', 'c', 'completed'), (140, 2068, 'ai-101', 'spring', '2025', 'c', 'completed'),
(141, 2069, 'cs-101', 'fall', '2025', 'b', 'enrolled'), (142, 2069, 'cs-201', 'spring', '2025', 'a', 'enrolled'),
(143, 2070, 'cs-301', 'fall', '2025', 'a', 'enrolled'), (144, 2070, 'cs-401', 'spring', '2025', 'b', 'completed'),
(145, 2071, 'cs-201', 'spring', '2025', 'b', 'completed'), (146, 2071, 'it-101', 'fall', '2025', 'b', 'completed'),
(147, 2072, 'it-101', 'fall', '2025', 'd', 'completed'), (148, 2072, 'it-201', 'spring', '2025', 'f', 'completed'),
(149, 2073, 'it-301', 'fall', '2025', 'b', 'enrolled'), (150, 2073, 'it-401', 'spring', '2025', 'b', 'enrolled'),
(151, 2074, 'it-201', 'spring', '2025', 'a', 'completed'), (152, 2074, 'se-101', 'fall', '2025', 'a', 'completed'),
(153, 2075, 'se-101', 'fall', '2025', 'b', 'enrolled'), (154, 2075, 'se-201', 'spring', '2025', 'b', 'enrolled'),
(155, 2076, 'se-301', 'fall', '2025', 'c', 'completed'), (156, 2076, 'se-401', 'spring', '2025', 'c', 'completed'),
(157, 2077, 'se-201', 'fall', '2025', 'a', 'enrolled'), (158, 2077, 'ds-101', 'fall', '2025', 'a', 'enrolled'),
(159, 2078, 'ds-101', 'fall', '2025', 'b', 'completed'), (160, 2078, 'ds-201', 'spring', '2025', 'a', 'completed'),
(161, 2079, 'ds-301', 'fall', '2025', 'b', 'enrolled'), (162, 2079, 'ds-401', 'spring', '2025', 'a', 'enrolled'),
(163, 2080, 'ds-201', 'fall', '2025', 'd', 'completed'), (164, 2080, 'ds-101', 'spring', '2025', 'c', 'completed'),
(165, 2081, 'ai-101', 'fall', '2025', 'a', 'enrolled'), (166, 2081, 'ai-201', 'spring', '2025', 'b', 'enrolled'),
(167, 2082, 'ai-301', 'fall', '2025', 'b', 'enrolled'), (168, 2082, 'ai-401', 'spring', '2025', 'c', 'completed'),
(169, 2083, 'ai-201', 'spring', '2025', 'a', 'completed'), (170, 2083, 'cs-101', 'fall', '2025', 'a', 'completed'),
(171, 2084, 'cs-101', 'fall', '2025', 'c', 'completed'), (172, 2084, 'cs-201', 'spring', '2025', 'b', 'completed'),
(173, 2085, 'cs-301', 'fall', '2025', 'b', 'enrolled'), (174, 2085, 'cs-401', 'spring', '2025', 'a', 'enrolled'),
(175, 2086, 'cs-201', 'spring', '2025', 'd', 'completed'), (176, 2086, 'it-101', 'fall', '2025', 'c', 'completed'),
(177, 2087, 'it-101', 'fall', '2025', 'a', 'enrolled'), (178, 2087, 'it-201', 'spring', '2025', 'a', 'enrolled'),
(179, 2088, 'it-301', 'fall', '2025', 'b', 'completed'), (180, 2088, 'it-401', 'spring', '2025', 'b', 'enrolled'),
(181, 2089, 'it-201', 'fall', '2025', 'b', 'enrolled'), (182, 2089, 'se-101', 'fall', '2025', 'b', 'enrolled'),
(183, 2090, 'se-101', 'fall', '2025', 'a', 'completed'), (184, 2090, 'se-201', 'spring', '2025', 'b', 'completed'),
(185, 2091, 'se-301', 'fall', '2025', 'c', 'enrolled'), (186, 2091, 'se-401', 'spring', '2025', 'c', 'completed'),
(187, 2092, 'se-201', 'spring', '2025', 'a', 'completed'), (188, 2092, 'ds-101', 'fall', '2025', 'a', 'completed'),
(189, 2093, 'ds-101', 'fall', '2025', 'a', 'enrolled'), (190, 2093, 'ds-201', 'spring', '2025', 'b', 'enrolled'),
(191, 2094, 'ds-301', 'fall', '2025', 'b', 'completed'), (192, 2094, 'ds-401', 'spring', '2025', 'b', 'completed'),
(193, 2095, 'ds-201', 'fall', '2025', 'a', 'enrolled'), (194, 2095, 'ai-101', 'fall', '2025', 'a', 'enrolled'),
(195, 2096, 'ai-101', 'fall', '2025', 'c', 'completed'), (196, 2096, 'ai-201', 'spring', '2025', 'c', 'completed'),
(197, 2097, 'ai-301', 'fall', '2025', 'b', 'enrolled'), (198, 2097, 'ai-401', 'spring', '2025', 'a', 'enrolled'),
(199, 2098, 'ai-201', 'fall', '2025', 'a', 'completed'), (200, 2098, 'cs-101', 'spring', '2025', 'b', 'completed'),
(201, 2099, 'cs-101', 'fall', '2025', 'b', 'enrolled'), (202, 2099, 'cs-201', 'spring', '2025', 'a', 'enrolled'),
(203, 2100, 'cs-301', 'fall', '2025', 'b', 'completed'), (204, 2100, 'cs-401', 'spring', '2025', 'c', 'completed'),
(205, 2001, 'ds-301', 'fall', '2025', 'a', 'enrolled'), (206, 2002, 'ds-201', 'fall', '2025', 'a', 'enrolled'),
(207, 2003, 'it-101', 'fall', '2025', 'b', 'completed'), (208, 2004, 'cs-101', 'fall', '2025', 'a', 'enrolled'),
(209, 2005, 'ai-201', 'fall', '2025', 'b', 'enrolled'), (210, 2006, 'ds-101', 'fall', '2025', 'c', 'completed'),
(211, 2007, 'ds-401', 'spring', '2025', 'a', 'completed'), (212, 2008, 'cs-101', 'fall', '2025', 'b', 'enrolled'),
(213, 2009, 'se-101', 'fall', '2025', 'a', 'enrolled'), (214, 2010, 'it-101', 'spring', '2025', 'c', 'completed'),
(215, 2011, 'cs-101', 'fall', '2025', 'b', 'enrolled'), (216, 2012, 'ai-101', 'fall', '2025', 'c', 'completed'),
(217, 2013, 'ds-201', 'fall', '2025', 'a', 'enrolled'), (218, 2014, 'se-101', 'fall', '2025', 'b', 'enrolled'),
(219, 2015, 'it-201', 'fall', '2025', 'a', 'completed'), (220, 2016, 'cs-201', 'spring', '2025', 'a', 'completed'),
(221, 2017, 'ds-301', 'fall', '2025', 'a', 'enrolled'), (222, 2018, 'ds-401', 'spring', '2025', 'b', 'enrolled'),
(223, 2019, 'cs-301', 'fall', '2025', 'b', 'completed'), (224, 2020, 'cs-401', 'spring', '2025', 'c', 'completed'),
(225, 2021, 'ai-401', 'spring', '2025', 'a', 'completed'), (226, 2022, 'ai-201', 'spring', '2025', 'b', 'enrolled'),
(227, 2023, 'cs-201', 'spring', '2025', 'a', 'completed'), (228, 2024, 'it-201', 'fall', '2025', 'b', 'enrolled'),
(229, 2025, 'it-301', 'fall', '2025', 'c', 'completed'), (230, 2026, 'se-401', 'spring', '2025', 'a', 'completed'),
(231, 2027, 'se-201', 'spring', '2025', 'a', 'enrolled'), (232, 2028, 'it-101', 'fall', '2025', 'b', 'enrolled'),
(233, 2029, 'cs-101', 'fall', '2025', 'c', 'completed'), (234, 2030, 'ds-101', 'fall', '2025', 'a', 'completed'),
(235, 2031, 'ds-201', 'spring', '2025', 'b', 'enrolled'), (236, 2032, 'ai-101', 'fall', '2025', 'a', 'enrolled'),
(237, 2033, 'ai-301', 'fall', '2025', 'b', 'completed'), (238, 2034, 'it-201', 'spring', '2025', 'c', 'completed'),
(239, 2035, 'se-201', 'fall', '2025', 'b', 'enrolled'), (240, 2036, 'se-301', 'fall', '2025', 'a', 'enrolled'),
(241, 2037, 'ds-301', 'fall', '2025', 'a', 'enrolled'), (242, 2038, 'cs-201', 'spring', '2025', 'b', 'completed'),
(243, 2039, 'cs-401', 'spring', '2025', 'b', 'enrolled'), (244, 2040, 'it-301', 'fall', '2025', 'a', 'enrolled'),
(245, 2041, 'it-401', 'spring', '2025', 'b', 'enrolled'), (246, 2042, 'se-101', 'fall', '2025', 'c', 'completed'),
(247, 2043, 'ds-201', 'spring', '2025', 'a', 'completed'), (248, 2044, 'ai-201', 'spring', '2025', 'b', 'enrolled'),
(249, 2045, 'cs-301', 'fall', '2025', 'c', 'completed'), (250, 2046, 'it-101', 'fall', '2025', 'b', 'enrolled');

insert into instructormajor (instructorid, majorid) values
(1, 1), -- dean of ds
(2, 2), -- dean of ai
(3, 3), -- dean of cyber
(4, 4), -- dean of it
(5, 5), -- dean of se
(6, 1), (6, 2), -- works in ds & ai
(7, 2), (7, 5), -- works in ai & se
(8, 3), -- works in cyber
(9, 4), -- works in it
(10, 5), -- works in se
(11, 1), -- works in ds
(12, 3), (12, 4), -- works in cyber & it
(13, 1), (13, 5), -- ta in ds & se
(14, 2), -- ta in ai
(15, 3), (15, 4); -- ta in cyber & it

insert into inst_contact (id, contact) values
(1, '01011111111'), (1, '01211111111'), 
(2, '01022222222'), (3, '01033333333'), (4, '01044444444'),
(5, '01055555555'), (6, '01066666666'), (7, '01077777777'),
(8, '01088888888'), (9, '01099999999'), (10, '01100000000'),
(11, '01200000000'), (12, '01500000000'), (13, '01012312312'),
(14, '01112312312'), (15, '01212312312');

insert into std_contact (id, contact) values
(2001, '01020012001'), (2002, '01020022002'), (2003, '01020032003'), (2004, '01020042004'),
(2005, '01020052005'), (2006, '01020062006'), (2007, '01020072007'), (2008, '01020082008'),
(2009, '01020092009'), (2010, '01020102010'), (2011, '01020112011'), (2012, '01020122012'),
(2013, '01020132013'), (2014, '01020142014'), (2015, '01020152015'), (2016, '01020162016'),
(2017, '01020172017'), (2018, '01020182018'), (2019, '01020192019'), (2020, '01020202020'),
(2021, '01120212021'), (2022, '01120222022'), (2023, '01120232023'), (2024, '01120242024'),
(2025, '01120252025'), (2026, '01120262026'), (2027, '01120272027'), (2028, '01120282028'),
(2029, '01120292029'), (2030, '01120302030'), (2031, '01120312031'), (2032, '01120322032'),
(2033, '01120332033'), (2034, '01120342034'), (2035, '01120352035'), (2036, '01120362036'),
(2037, '01120372037'), (2038, '01120382038'), (2039, '01120392039'), (2040, '01120402040'),
(2041, '01220412041'), (2042, '01220422042'), (2043, '01220432043'), (2044, '01220442044'),
(2045, '01220452045'), (2046, '01220462046'), (2047, '01220472047'), (2048, '01220482048'),
(2049, '01220492049'), (2050, '01220502050'), (2051, '01220512051'), (2052, '01220522052'),
(2053, '01220532053'), (2054, '01220542054'), (2055, '01220552055'), (2056, '01220562056'),
(2057, '01220572057'), (2058, '01220582058'), (2059, '01220592059'), (2060, '01220602060'),
(2061, '01520612061'), (2062, '01520622062'), (2063, '01520632063'), (2064, '01520642064'),
(2065, '01520652065'), (2066, '01520662066'), (2067, '01520672067'), (2068, '01520682068'),
(2069, '01520692069'), (2070, '01520702070'), (2071, '01520712071'), (2072, '01520722072'),
(2073, '01520732073'), (2074, '01520742074'), (2075, '01520752075'), (2076, '01520762076'),
(2077, '01520772077'), (2078, '01520782078'), (2079, '01520792079'), (2080, '01520802080'),
(2081, '01020812081'), (2082, '01020822082'), (2083, '01020832083'), (2084, '01020842084'),
(2085, '01020852085'), (2086, '01020862086'), (2087, '01020872087'), (2088, '01020882088'),
(2089, '01020892089'), (2090, '01020902090'), (2091, '01020912091'), (2092, '01020922092'),
(2093, '01020932093'), (2094, '01020942094'), (2095, '01020952095'), (2096, '01020962096'),
(2097, '01020972097'), (2098, '01020982098'), (2099, '01020992099'), (2100, '01021002100');

